LessonID,Date/Time,Rooms,Semester,Teacher,No_Supervisors
101,19/1/2023 08:30-10:3O,[Α21 Α22 Α24 Β Γ],1ο ΠΛΗΡ,Σ.ΤΟΥΜΠΗΣ,6
102,19/1/2023 11:00-13:00,[Δ12 Γ],1ο ΠΛΗΡ,Α.ΣΓΟΥΡΙΤΣΑ,4
103,22/1/2023 08:30-11:00,[Α22 Χ],1ο ΠΛΗΡ,Ι.ΑΝΔΡΟΥΤΣΟΠΟΥΛΟΣ,4
104,22/1/2023 11:00-13:00,[Α21 Υ1 Υ3],1ο ΠΛΗΡ,Ε.ΦΟΥΣΤΟΥΚΟΥ,5
105,22/1/2023 13:30-15:00,[Δ12 Α32],1ο ΠΛΗΡ,Ι.ΘΑΝΟΣ,3
106,22/1/2023 15:00-17:00,[Γ Α32],1ο ΠΛΗΡ,Β.ΖΑΦΕΙΡΗΣ,3
107,23/1/2023 08:30-10:30,[Γ Δ22],2ο ΠΛΗΡ,Κ.ΣΑΪΤΑΚΗΣ,3
108,23/1/2023 11:00-13:00,[Α21 Γ],2ο ΠΛΗΡ,Χ.ΣΑΡΙΔΑΚΗΣ,3
109,23/1/2023 13:30-15:30,[Δ12 Υ1],2ο ΠΛΗΡ,Α.ΣΓΟΥΡΙΤΣΑ,4
110,24/1/2023 08:30-10:30,[Β Γ Δ22],2ο ΠΛΗΡ,Κ.ΒΑΣΙΛΕΙΑΔΗΣ,6
111,24/1/2023 11:00-12:30,[Δ12],2ο ΠΛΗΡ,Κ.ΒΑΣΙΛΕΙΑΔΗΣ,2
112,24/1/2023 13:30-13:30,[Β Δ24],2ο ΠΛΗΡ,Π.ΚΑΤΕΡΙΝΗΣ,4
113,25/1/2023 08:30-10:30,[Χ Υ1],3ο ΠΛΗΡ,Δ.ΔΡΟΣΟΣ,3
114,25/1/2023 11:00-12:30,[Χ Υ1 Δ24],3ο ΠΛΗΡ,Γ.ΣΤΑΜΟΥΛΗΣ,6
115,25/1/2023 13:30-15:30,[Α22 Γ],3ο ΠΛΗΡ,Π.ΚΑΤΕΡΙΝΗΣ,3
116,25/1/2023 15:30-17:30,[Α22],3ο ΠΛΗΡ,Σ.ΒΟΥΛΓΑΡΗΣ,2
117,25/1/2023 17:30-20:00,[Β Α32],3ο ΠΛΗΡ,Α.ΚΕΦΑΛΑ,3
118,26/1/2023 08:30-10:30,[Γ Α32 Δ22],3ο ΠΛΗΡ,Ι.ΜΑΡΙΑΣ,7
119,29/1/2023 08:30-10:30,[Β Γ],4ο ΠΛΗΡ,Ν.ΔΙΑΜΑΝΤΙΔΗΣ,4
120,29/1/2023 12:30-14:30,[Α21 Β],4ο ΠΛΗΡ,Ι.ΝΙΚΟΛΑΟΥ,4
121,29/1/2023 15:00-17:30,[Γ],4ο ΠΛΗΡ,Χ.ΛΑΖΑΡΗΣ,3
122,30/1/2023 08:30-11:00,[Χ],4ο ΠΛΗΡ,Γ.ΔΟΥΚΙΔΗΣ,1
123,30/1/2023 11:30-13:30,[Δ12],4ο ΠΛΗΡ,Γ.ΣΤΑΜΟΥΛΗΣ,3
124,30/1/2023 15:00-17:30,[Α22],1ο ΣΤΑΤ,Η.ΤΖΑΒΑΛΗΣ,4
125,31/1/2023 08:30-10:30,[Γ Δ24],2ο ΣΤΑΤ,Ε.ΓΙΑΚΟΥΜΑΚΗΣ,5
126,1/2/2023 11:00-13:30,[Β Υ1],1ο ΟΙΚ,Δ.ΚΑΡΛΗΣ,4
127,1/2/2023 13:30-15:30,[Α21 Α31 Β],2ο ΟΙΚ,Ε.ΒΑΣΙΛΑΤΟΣ,7
128,2/2/2023 08:30-10:30,[Γ Δ12],3ο ΟΙΚ,Σ.ΒΟΥΛΓΑΡΗΣ,4